{"cameraMode":{"drawMode":3,"name":"Shadow Cascades","section":"Miscellaneous"},"sceneLighting":true,"audioPlay":false,"sceneViewState":{"m_AlwaysRefresh":false,"showFog":true,"showSkybox":true,"showFlares":true,"showImageEffects":true,"showParticleSystems":true,"showVisualEffectGraphs":true,"m_FxEnabled":true},"in2DMode":false,"pivot":{"x":0.07034850120544434,"y":-0.24619567394256593,"z":5.419623851776123},"rotation":{"x":-0.17194680869579316,"y":-0.006800253409892321,"z":0.001186844427138567,"w":-0.985083818435669},"size":2.9591023921966554,"orthographic":false}